{"total_dist": 6039.366977926247, "total_time": 636.5451855930809, "co2_emission": 636.5451855930809, "energy_consumption": 636.5451855930809, "cost": 18.11810093377874, "profit": 51.62672749880588, "algorithm": "/weights_temp"}